ts,role,task,phase,priority,ref
2025-09-15 11:34:41,research,skim + summarize objectives for item_1,P0 – Intake & Triage,1,item_1
2025-09-15 11:34:41,analysis,outline value props and risks for item_1,P0 – Intake & Triage,1,item_1
2025-09-15 11:34:41,data,define KPIs and freshness for BI,P0 – Intake & Triage,1,item_1
2025-09-15 11:34:41,growth,prepare 3 posts + 10 DMs plan,P0 – Intake & Triage,1,item_1
2025-09-15 11:34:41,pm,timeline + risk register,P0 – Intake & Triage,1,item_1
2025-09-15 11:34:41,advisor,review blueprint and sign-off,P0 – Intake & Triage,1,item_1
2025-09-15 11:34:41,research,skim + summarize objectives for item_2,P1 – MVP Integration,2,item_2
2025-09-15 11:34:41,analysis,outline value props and risks for item_2,P1 – MVP Integration,2,item_2
2025-09-15 11:34:41,data,define KPIs and freshness for BI,P1 – MVP Integration,2,item_2
2025-09-15 11:34:41,growth,prepare 3 posts + 10 DMs plan,P1 – MVP Integration,2,item_2
2025-09-15 11:34:41,pm,timeline + risk register,P1 – MVP Integration,2,item_2
2025-09-15 11:34:41,advisor,review blueprint and sign-off,P1 – MVP Integration,2,item_2
2025-09-15 11:34:41,research,skim + summarize objectives for item_3,P1 – MVP Integration,3,item_3
2025-09-15 11:34:41,analysis,outline value props and risks for item_3,P1 – MVP Integration,3,item_3
2025-09-15 11:34:41,data,define KPIs and freshness for BI,P1 – MVP Integration,3,item_3
2025-09-15 11:34:41,growth,prepare 3 posts + 10 DMs plan,P1 – MVP Integration,3,item_3
2025-09-15 11:34:41,pm,timeline + risk register,P1 – MVP Integration,3,item_3
2025-09-15 11:34:41,advisor,review blueprint and sign-off,P1 – MVP Integration,3,item_3
2025-09-15 11:34:41,research,skim + summarize objectives for item_4,P1 – MVP Integration,4,item_4
2025-09-15 11:34:41,analysis,outline value props and risks for item_4,P1 – MVP Integration,4,item_4
2025-09-15 11:34:41,data,define KPIs and freshness for BI,P1 – MVP Integration,4,item_4
2025-09-15 11:34:41,growth,prepare 3 posts + 10 DMs plan,P1 – MVP Integration,4,item_4
2025-09-15 11:34:41,pm,timeline + risk register,P1 – MVP Integration,4,item_4
2025-09-15 11:34:41,advisor,review blueprint and sign-off,P1 – MVP Integration,4,item_4
2025-09-15 11:34:41,research,skim + summarize objectives for item_5,P1 – MVP Integration,5,item_5
2025-09-15 11:34:41,analysis,outline value props and risks for item_5,P1 – MVP Integration,5,item_5
2025-09-15 11:34:41,data,define KPIs and freshness for BI,P1 – MVP Integration,5,item_5
2025-09-15 11:34:41,growth,prepare 3 posts + 10 DMs plan,P1 – MVP Integration,5,item_5
2025-09-15 11:34:41,pm,timeline + risk register,P1 – MVP Integration,5,item_5
2025-09-15 11:34:41,advisor,review blueprint and sign-off,P1 – MVP Integration,5,item_5
2025-09-15 11:34:41,research,skim + summarize objectives for item_6,P1 – MVP Integration,6,item_6
2025-09-15 11:34:41,analysis,outline value props and risks for item_6,P1 – MVP Integration,6,item_6
2025-09-15 11:34:41,data,define KPIs and freshness for BI,P1 – MVP Integration,6,item_6
2025-09-15 11:34:41,growth,prepare 3 posts + 10 DMs plan,P1 – MVP Integration,6,item_6
2025-09-15 11:34:41,pm,timeline + risk register,P1 – MVP Integration,6,item_6
2025-09-15 11:34:41,advisor,review blueprint and sign-off,P1 – MVP Integration,6,item_6
2025-09-15 11:34:41,research,skim + summarize objectives for item_7,P1 – MVP Integration,7,item_7
2025-09-15 11:34:41,analysis,outline value props and risks for item_7,P1 – MVP Integration,7,item_7
2025-09-15 11:34:41,data,define KPIs and freshness for BI,P1 – MVP Integration,7,item_7
2025-09-15 11:34:41,growth,prepare 3 posts + 10 DMs plan,P1 – MVP Integration,7,item_7
2025-09-15 11:34:41,pm,timeline + risk register,P1 – MVP Integration,7,item_7
2025-09-15 11:34:41,advisor,review blueprint and sign-off,P1 – MVP Integration,7,item_7
2025-09-15 11:34:41,research,skim + summarize objectives for item_8,P1 – MVP Integration,8,item_8
2025-09-15 11:34:41,analysis,outline value props and risks for item_8,P1 – MVP Integration,8,item_8
2025-09-15 11:34:41,data,define KPIs and freshness for BI,P1 – MVP Integration,8,item_8
2025-09-15 11:34:41,growth,prepare 3 posts + 10 DMs plan,P1 – MVP Integration,8,item_8
2025-09-15 11:34:41,pm,timeline + risk register,P1 – MVP Integration,8,item_8
2025-09-15 11:34:41,advisor,review blueprint and sign-off,P1 – MVP Integration,8,item_8
2025-09-15 11:34:41,research,skim + summarize objectives for item_9,P1 – MVP Integration,9,item_9
2025-09-15 11:34:41,analysis,outline value props and risks for item_9,P1 – MVP Integration,9,item_9
2025-09-15 11:34:41,data,define KPIs and freshness for BI,P1 – MVP Integration,9,item_9
2025-09-15 11:34:41,growth,prepare 3 posts + 10 DMs plan,P1 – MVP Integration,9,item_9
2025-09-15 11:34:41,pm,timeline + risk register,P1 – MVP Integration,9,item_9
2025-09-15 11:34:41,advisor,review blueprint and sign-off,P1 – MVP Integration,9,item_9
2025-09-15 11:34:41,research,skim + summarize objectives for item_10,P1 – MVP Integration,10,item_10
2025-09-15 11:34:41,analysis,outline value props and risks for item_10,P1 – MVP Integration,10,item_10
2025-09-15 11:34:41,data,define KPIs and freshness for BI,P1 – MVP Integration,10,item_10
2025-09-15 11:34:41,growth,prepare 3 posts + 10 DMs plan,P1 – MVP Integration,10,item_10
2025-09-15 11:34:41,pm,timeline + risk register,P1 – MVP Integration,10,item_10
2025-09-15 11:34:41,advisor,review blueprint and sign-off,P1 – MVP Integration,10,item_10
2025-09-15 11:34:41,research,skim + summarize objectives for item_11,P1 – MVP Integration,11,item_11
2025-09-15 11:34:41,analysis,outline value props and risks for item_11,P1 – MVP Integration,11,item_11
2025-09-15 11:34:41,data,define KPIs and freshness for BI,P1 – MVP Integration,11,item_11
2025-09-15 11:34:41,growth,prepare 3 posts + 10 DMs plan,P1 – MVP Integration,11,item_11
2025-09-15 11:34:41,pm,timeline + risk register,P1 – MVP Integration,11,item_11
2025-09-15 11:34:41,advisor,review blueprint and sign-off,P1 – MVP Integration,11,item_11
2025-09-15 11:34:41,research,skim + summarize objectives for item_12,P1 – MVP Integration,12,item_12
2025-09-15 11:34:41,analysis,outline value props and risks for item_12,P1 – MVP Integration,12,item_12
2025-09-15 11:34:41,data,define KPIs and freshness for BI,P1 – MVP Integration,12,item_12
2025-09-15 11:34:41,growth,prepare 3 posts + 10 DMs plan,P1 – MVP Integration,12,item_12
2025-09-15 11:34:41,pm,timeline + risk register,P1 – MVP Integration,12,item_12
2025-09-15 11:34:41,advisor,review blueprint and sign-off,P1 – MVP Integration,12,item_12
